<?xml version="1.0" encoding="utf-8"?>
<Root>
  <MetricIndex >
    <Metric Name="# Rules" Unit="Rules" />
    <Metric Name="# Rules Violated" Unit="Rules" />
    <Metric Name="# Rules Violations" Unit="Violations" />
    <Metric Name="# Critical Rules" Unit="Rules" />
    <Metric Name="# Critical Rules Violated" Unit="Rules" />
    <Metric Name="# Critical Rules Violations" Unit="Violations" />
    <Metric Name="# Lines of Code" Unit="LoC" />
    <Metric Name="# Lines of Code (JustMyCode)" Unit="LoC" />
    <Metric Name="# Lines of Code (NotMyCode)" Unit="LoC" />
    <Metric Name="# BC Instructions" Unit="BC Instructions" />
    <Metric Name="# BC Instructions (NotMyCode)" Unit="BC Instructions" />
    <Metric Name="# Source Files" Unit="Source Files" />
    <Metric Name="# Lines of Comments" Unit="Lines" />
    <Metric Name="# Projects" Unit="Projects" />
    <Metric Name="# Packages" Unit="PACKAGES" />
    <Metric Name="# Types" Unit="Types" />
    <Metric Name="# Public Types" Unit="Types" />
    <Metric Name="# Classes" Unit="Types" />
    <Metric Name="# Abstract Classes" Unit="Types" />
    <Metric Name="# Interfaces" Unit="Types" />
    <Metric Name="# Methods" Unit="Methods" />
    <Metric Name="# Abstract Methods" Unit="Methods" />
    <Metric Name="# Concrete Methods" Unit="Methods" />
    <Metric Name="# Fields" Unit="Fields" />
    <Metric Name="Max # Lines of Code for Methods (JustMyCode)" Unit="LoC" />
    <Metric Name="Average # Lines of Code for Methods" Unit="LoC" />
    <Metric Name="Average # Lines of Code for Methods with at least 3 Lines of Code" Unit="LoC" />
    <Metric Name="Max # Lines of Code for Types (JustMyCode)" Unit="LoC" />
    <Metric Name="Average # Lines of Code for Types" Unit="LoC" />
    <Metric Name="Max Cyclomatic Complexity for Methods" Unit="Paths" />
    <Metric Name="Max BC Cyclomatic Complexity for Methods" Unit="Paths" />
    <Metric Name="Average BC Cyclomatic Complexity for Methods" Unit="Paths" />
    <Metric Name="Max BC Nesting Depth for Methods" Unit="Scopes" />
    <Metric Name="Average BC Nesting Depth for Methods" Unit="Scopes" />
    <Metric Name="Max # of Methods for Types" Unit="Methods" />
    <Metric Name="Average # Methods for Types" Unit="Methods" />
    <Metric Name="Max # of Methods for Interfaces" Unit="Methods" />
    <Metric Name="# Third-Party Projects Used" Unit="Projects" />
    <Metric Name="# Third-Party Packages Used" Unit="Packages" />
    <Metric Name="# Third-Party Types Used" Unit="Types" />
    <Metric Name="# Third-Party Methods Used" Unit="Methods" />
    <Metric Name="# Third-Party Fields Used" Unit="Fields" />
  </MetricIndex>
  <M N="0|1|2|3|4|5|6|7|8|9|10|11|12|13|14|15|16|17|18|19|20|21|22|23|24|25|26|27|28|29|30|31|32|33|34|35|36|37|38|39|40|41" >
    <R D="11/5/2014 1:57:38 PM" L="v1.0" V="77|21|367|18|3|40|1179|1179|0|5441|0|0|0|1|3|33|17|33|0|0|148|0|148|184|36|6.41|11.04|148|35.73|0|20|2.48|12|0.48913|25|5.58|0|1|20|133|85|7" />
  </M>
</Root>